id,name,price,latitude,longitude,room_type,neighbourhood_cleansed,number_of_reviews,availability_365,last_review
1000,Listing 0,$67.92,37.742321073814885,-122.3963528785836,Entire home/apt,Midtown,26,180,2023-08-12
1001,Listing 1,$91.16,37.77053552881034,-122.46734640303161,Private room,Harbor,13,108,2023-08-14
1002,Listing 2,$234.58,37.72064987596781,-122.38941807481672,Hotel room,Old Town,10,189,2023-12-11
1003,Listing 3,$66.86,37.729274584338015,-122.46032836231666,Shared room,Midtown,24,226,2024-04-15
1004,Listing 4,$316.00,37.72788001980785,-122.4406821718593,Shared room,Midtown,48,212,2023-08-22
1005,Listing 5,$123.55,37.81852215206608,-122.38446822789848,Entire home/apt,Riverside,21,325,2024-01-09
1006,Listing 6,$70.30,37.74669778220491,-122.37633454122876,Entire home/apt,Midtown,32,126,2023-09-08
1007,Listing 7,$65.73,37.76622602118511,-122.44300521732157,Private room,Harbor,13,337,2023-02-27
1008,Listing 8,$97.88,37.76011647870224,-122.46338113947884,Shared room,Uptown,0,149,2024-04-14
1009,Listing 9,$66.68,37.746488016649806,-122.4453372492306,Shared room,Harbor,0,102,2024-02-13
1010,Listing 10,$156.64,37.77095262936765,-122.46090905878262,Entire home/apt,Downtown,76,230,2024-03-08
1011,Listing 11,$64.84,37.758476731167455,-122.41041115716389,Hotel room,Midtown,24,314,2023-01-12
1012,Listing 12,$54.84,37.74668251899526,-122.40590382014202,Entire home/apt,Old Town,8,109,2023-09-27
1013,Listing 13,$304.38,37.79619621990521,-122.41923183253957,Entire home/apt,Harbor,18,322,2023-07-23
1014,Listing 14,$70.83,37.815349974765354,-122.37775659193818,Entire home/apt,Midtown,31,191,2024-01-07
1015,Listing 15,$121.77,37.743945231033805,-122.44591284075528,Entire home/apt,Downtown,21,35,2024-06-29
1016,Listing 16,$82.86,37.7749803593495,-122.44349433710599,Hotel room,Uptown,37,336,2023-07-25
1017,Listing 17,$112.75,37.759899229999746,-122.40283130403617,Shared room,Riverside,38,141,2023-09-11
1018,Listing 18,$91.90,37.77539215224245,-122.41115598855896,Entire home/apt,Downtown,26,191,2023-03-11
1019,Listing 19,$41.64,37.80596354002538,-122.46291426501114,Private room,Old Town,19,145,2023-05-16
1020,Listing 20,$250.50,37.760705996148594,-122.46056742035081,Hotel room,Old Town,41,110,2023-02-25
1021,Listing 21,$65.18,37.7260612674077,-122.39717864115589,Entire home/apt,Uptown,31,304,2023-05-24
1022,Listing 22,$204.52,37.80744859540706,-122.46246151116257,Entire home/apt,Downtown,40,135,2023-01-16
1023,Listing 23,$49.81,37.812636698300814,-122.38513042655858,Private room,Riverside,14,205,2024-02-15
1024,Listing 24,$45.34,37.759042175758786,-122.37734819264406,Hotel room,Old Town,25,0,2024-07-23
1025,Listing 25,$261.68,37.73547968252741,-122.44032921745054,Entire home/apt,Midtown,24,168,2023-11-18
1026,Listing 26,$55.82,37.81193871308321,-122.41688738647295,Entire home/apt,Midtown,30,250,2023-03-11
1027,Listing 27,$93.09,37.76037755513183,-122.3758403872771,Private room,Midtown,7,129,2024-03-05
1028,Listing 28,$296.85,37.78697259747699,-122.43858161372044,Shared room,Riverside,35,288,2024-04-13
1029,Listing 29,$160.55,37.81290183317056,-122.37642657125552,Entire home/apt,Riverside,11,120,2023-04-13
1030,Listing 30,$48.46,37.73324565703665,-122.43509911650355,Entire home/apt,Uptown,20,164,2024-07-10
1031,Listing 31,$124.28,37.781167776572595,-122.37127669363686,Entire home/apt,Harbor,30,130,2023-04-17
1032,Listing 32,$73.09,37.7942416683981,-122.4544552090225,Shared room,Midtown,56,220,2023-09-28
1033,Listing 33,$308.88,37.768853185214944,-122.37946635089207,Entire home/apt,Downtown,6,73,2023-02-15
1034,Listing 34,$42.35,37.81797979538289,-122.45384180237261,Hotel room,Midtown,31,168,2023-04-25
1035,Listing 35,$47.66,37.814505093904664,-122.40089803762442,Private room,Midtown,39,219,2024-07-19
1036,Listing 36,$72.36,37.75646515153273,-122.37669119894794,Entire home/apt,Old Town,26,216,2023-04-16
1037,Listing 37,$157.34,37.79801162418715,-122.3815865298549,Hotel room,Midtown,24,0,2023-08-31
1038,Listing 38,$93.04,37.80814162046634,-122.46752136381018,Shared room,Riverside,20,257,2023-09-12
1039,Listing 39,$101.09,37.735919784298076,-122.39987218118601,Hotel room,Downtown,31,150,2024-04-16
1040,Listing 40,$143.95,37.74275954874078,-122.46763355652986,Private room,Riverside,50,115,2023-10-13
1041,Listing 41,$167.62,37.784148173860764,-122.430032161564,Shared room,Downtown,54,358,2023-07-02
1042,Listing 42,$133.09,37.754568711167984,-122.39135718217963,Hotel room,Midtown,29,244,2024-08-13
1043,Listing 43,$89.51,37.74547225061386,-122.39912147161658,Entire home/apt,Midtown,41,149,2023-07-21
1044,Listing 44,$127.85,37.81207708562181,-122.40768445900537,Entire home/apt,Harbor,40,286,2024-02-23
1045,Listing 45,$143.01,37.760240038705774,-122.44043447974741,Private room,Uptown,0,302,2023-06-28
1046,Listing 46,$104.26,37.75038749492684,-122.44898173151174,Shared room,Riverside,40,73,2024-06-07
1047,Listing 47,$255.37,37.799373539910604,-122.3740167996317,Private room,Harbor,40,255,2023-12-10
1048,Listing 48,$66.95,37.78727956705572,-122.44753593340027,Private room,Uptown,2,266,2024-05-01
1049,Listing 49,$61.15,37.765541616838014,-122.3813863090949,Private room,Harbor,19,100,2023-09-07
1050,Listing 50,$74.41,37.79509644766185,-122.3929953811426,Entire home/apt,Riverside,23,231,2024-06-14
1051,Listing 51,$267.71,37.72502183851407,-122.44508017203401,Entire home/apt,Riverside,36,274,2024-06-27
1052,Listing 52,$279.79,37.80914259258105,-122.40873476772383,Hotel room,Midtown,4,150,2024-05-01
1053,Listing 53,$251.96,37.745919154846504,-122.44527602624903,Shared room,Midtown,13,206,2024-03-26
1054,Listing 54,$58.34,37.75358475366213,-122.38069731672097,Entire home/apt,Uptown,14,251,2023-06-06
1055,Listing 55,$97.98,37.72642288507139,-122.42924006303335,Hotel room,Riverside,51,264,2024-02-03
1056,Listing 56,$55.59,37.758038102892776,-122.4694103916416,Shared room,Old Town,4,203,2024-03-05
1057,Listing 57,$280.41,37.79475156689781,-122.41538676902661,Private room,Riverside,28,294,2023-01-30
1058,Listing 58,$192.23,37.76043166691377,-122.45349552687965,Hotel room,Uptown,44,310,2024-02-08
1059,Listing 59,$43.51,37.7283947462162,-122.42713872303389,Hotel room,Uptown,38,227,2023-08-05
1060,Listing 60,$242.14,37.757912621556414,-122.39479901764453,Hotel room,Old Town,47,251,2024-07-06
1061,Listing 61,$35.29,37.81999078285092,-122.43500396562798,Entire home/apt,Harbor,28,205,2023-09-11
1062,Listing 62,$97.41,37.743854494188895,-122.42264389390539,Entire home/apt,Midtown,7,295,2023-09-20
1063,Listing 63,$146.39,37.73677891433678,-122.4092752506109,Entire home/apt,Uptown,31,190,2023-01-27
1064,Listing 64,$100.58,37.757530695942535,-122.37585294014588,Private room,Downtown,9,58,2023-09-06
1065,Listing 65,$49.69,37.78971930024958,-122.43984173145124,Entire home/apt,Midtown,27,118,2024-03-14
1066,Listing 66,$163.11,37.72126521501659,-122.42799412591582,Hotel room,Downtown,34,121,2024-04-15
1067,Listing 67,$78.85,37.76354871450077,-122.39662046959866,Shared room,Midtown,31,95,2024-05-10
1068,Listing 68,$235.10,37.746839553804925,-122.38482868399807,Entire home/apt,Old Town,34,249,2024-04-20
1069,Listing 69,$194.94,37.75363966198914,-122.42056934963841,Shared room,Uptown,10,206,2023-09-22
1070,Listing 70,$147.51,37.808010734525524,-122.41442089720805,Private room,Downtown,44,204,2024-07-22
1071,Listing 71,$100.20,37.789060933944654,-122.4054097100259,Hotel room,Riverside,26,161,2023-08-15
1072,Listing 72,$196.94,37.77815555853324,-122.42267395112405,Shared room,Riverside,13,313,2023-12-27
1073,Listing 73,$249.73,37.747091642697626,-122.4448596323799,Entire home/apt,Harbor,27,242,2024-07-02
1074,Listing 74,$80.88,37.74764996269687,-122.41104130940393,Shared room,Downtown,47,237,2024-01-05
1075,Listing 75,$67.72,37.75022675887805,-122.3991981514289,Private room,Old Town,29,208,2023-10-27
1076,Listing 76,$64.17,37.73025876467878,-122.46877345966246,Shared room,Riverside,5,118,2023-02-22
1077,Listing 77,$121.22,37.81410635967681,-122.42222708127343,Entire home/apt,Riverside,5,206,2023-02-24
1078,Listing 78,$82.61,37.75038355118423,-122.37060818772898,Entire home/apt,Midtown,40,211,2023-08-20
1079,Listing 79,$286.40,37.75803780261466,-122.37914956223761,Shared room,Midtown,37,195,2023-03-03
1080,Listing 80,$66.46,37.74110251953054,-122.40395718628079,Private room,Uptown,21,216,2023-01-03
1081,Listing 81,$203.51,37.76505037046177,-122.41061888048804,Shared room,Downtown,27,340,2024-04-09
1082,Listing 82,$51.30,37.798782802664675,-122.40749419928358,Private room,Riverside,0,248,2023-06-02
1083,Listing 83,$124.71,37.80266311596501,-122.46285901631443,Private room,Old Town,1,105,2023-10-23
1084,Listing 84,$260.85,37.78997336849758,-122.3757323759256,Hotel room,Riverside,41,222,2024-03-18
1085,Listing 85,$151.38,37.78037136409459,-122.46741351076116,Private room,Harbor,35,98,2023-01-22
1086,Listing 86,$104.94,37.7375190727938,-122.41810361590125,Hotel room,Old Town,13,249,2024-05-18
1087,Listing 87,$72.06,37.76700103949604,-122.429165190657,Shared room,Harbor,32,232,2024-02-26
1088,Listing 88,$244.27,37.8013566034738,-122.41499033910283,Hotel room,Downtown,60,168,2024-02-18
1089,Listing 89,$308.12,37.802492720326875,-122.46988489325518,Hotel room,Riverside,42,236,2024-05-25
1090,Listing 90,$250.42,37.77492196390854,-122.37723272391555,Hotel room,Harbor,14,178,2023-09-03
1091,Listing 91,$75.23,37.75107501383933,-122.46863255355339,Hotel room,Downtown,29,365,2023-04-27
1092,Listing 92,$263.65,37.73539711244283,-122.37673469400659,Shared room,Midtown,17,174,2024-05-09
1093,Listing 93,$240.04,37.74437309060752,-122.41487349231195,Hotel room,Uptown,40,149,2023-05-20
1094,Listing 94,$57.10,37.76149424235514,-122.37657516063175,Shared room,Downtown,51,184,2024-08-16
1095,Listing 95,$258.24,37.80652605947003,-122.42534526069568,Hotel room,Old Town,12,332,2024-01-22
1096,Listing 96,$268.41,37.818077463133264,-122.44611944558338,Hotel room,Uptown,12,257,2023-11-22
1097,Listing 97,$241.91,37.7905227881025,-122.38885910974352,Hotel room,Harbor,30,73,2023-06-05
1098,Listing 98,$255.07,37.81653535901769,-122.43680052960687,Entire home/apt,Riverside,23,360,2023-01-16
1099,Listing 99,$87.88,37.76099786197464,-122.40452186735723,Private room,Downtown,0,245,2023-12-13
1100,Listing 100,$188.50,37.80523413365659,-122.38406578158317,Hotel room,Old Town,1,68,2024-05-14
1101,Listing 101,$285.05,37.72358990998377,-122.46315792528185,Shared room,Uptown,24,104,2023-04-11
1102,Listing 102,$45.56,37.81034240620505,-122.46540090313228,Entire home/apt,Old Town,32,139,2023-09-08
1103,Listing 103,$308.24,37.76120517489756,-122.40181996286474,Private room,Uptown,34,309,2024-01-27
1104,Listing 104,$76.77,37.74321884442952,-122.40620953689964,Hotel room,Old Town,25,103,2024-04-21
1105,Listing 105,$101.45,37.78776108856991,-122.45420243779283,Hotel room,Old Town,37,194,2024-03-10
1106,Listing 106,$111.83,37.81993735655002,-122.38466645413398,Entire home/apt,Uptown,28,137,2023-10-30
1107,Listing 107,$126.40,37.72219395978596,-122.38699624385072,Hotel room,Old Town,54,209,2023-02-20
1108,Listing 108,$260.74,37.79757409796034,-122.44698816090296,Shared room,Uptown,0,118,2023-05-21
1109,Listing 109,$49.46,37.8103403704073,-122.40536593911095,Shared room,Riverside,38,217,2023-05-15
1110,Listing 110,$67.50,37.76155030934188,-122.44992052053499,Shared room,Midtown,17,128,2023-06-18
1111,Listing 111,$119.91,37.81140489535383,-122.37558121839028,Shared room,Harbor,43,81,2024-04-24
1112,Listing 112,$76.52,37.806014059689886,-122.39757832879245,Hotel room,Midtown,55,94,2023-01-15
1113,Listing 113,$133.21,37.773657230826906,-122.42452139722661,Shared room,Midtown,9,287,2024-01-16
1114,Listing 114,$54.86,37.78195468670446,-122.37568308639422,Shared room,Midtown,9,205,2024-04-20
1115,Listing 115,$123.56,37.78492394462846,-122.4583324063273,Entire home/apt,Downtown,19,298,2023-04-10
1116,Listing 116,$94.10,37.76536437568889,-122.40295137811499,Hotel room,Midtown,19,197,2024-02-29
1117,Listing 117,$54.21,37.803369308329636,-122.40843477859488,Shared room,Downtown,21,141,2024-03-31
1118,Listing 118,$92.81,37.788568026548134,-122.41555341385178,Shared room,Downtown,19,153,2023-05-06
1119,Listing 119,$253.87,37.72916734238176,-122.44878941845766,Entire home/apt,Downtown,27,134,2023-05-09
1120,Listing 120,$105.47,37.74071573703467,-122.44840486480814,Private room,Old Town,35,224,2023-01-03
1121,Listing 121,$102.58,37.80584061263802,-122.45553120196796,Private room,Midtown,24,255,2023-01-27
1122,Listing 122,$92.59,37.74379316060905,-122.4376228538038,Private room,Old Town,27,340,2024-06-22
1123,Listing 123,$65.32,37.794566527503406,-122.42237540345768,Shared room,Midtown,11,145,2023-08-15
1124,Listing 124,$41.88,37.785890307367936,-122.4398369670972,Entire home/apt,Downtown,0,365,2024-03-12
1125,Listing 125,$59.83,37.769026885414426,-122.37902991708847,Entire home/apt,Downtown,21,245,2023-05-10
1126,Listing 126,$110.58,37.791215279642635,-122.43190956011814,Shared room,Riverside,10,104,2023-04-28
1127,Listing 127,$299.63,37.79208399166576,-122.44849769336726,Hotel room,Uptown,0,286,2024-02-13
1128,Listing 128,$198.89,37.75125235711419,-122.44451102035173,Private room,Harbor,12,229,2023-03-29
1129,Listing 129,$58.27,37.763187651855176,-122.39554110308082,Shared room,Uptown,6,158,2024-07-29
1130,Listing 130,$297.55,37.75535980796338,-122.4034659479997,Hotel room,Harbor,31,270,2023-11-16
1131,Listing 131,$152.62,37.73036005659247,-122.4192587453032,Private room,Harbor,0,219,2023-12-25
1132,Listing 132,$288.58,37.77741000043315,-122.38927786288477,Entire home/apt,Midtown,43,352,2023-10-01
1133,Listing 133,$36.89,37.73804160719609,-122.39973012271344,Shared room,Old Town,19,245,2023-05-27
1134,Listing 134,$214.89,37.817181031875805,-122.46082423169456,Private room,Riverside,35,128,2024-01-14
1135,Listing 135,$124.41,37.79215959677427,-122.39231643800333,Entire home/apt,Downtown,39,325,2023-02-20
1136,Listing 136,$57.96,37.7685661704891,-122.42579558133022,Shared room,Uptown,46,201,2024-03-16
1137,Listing 137,$55.09,37.74832464700805,-122.40215137452398,Hotel room,Midtown,22,176,2024-02-09
1138,Listing 138,$53.46,37.74112339792203,-122.45627651947427,Shared room,Old Town,25,194,2024-03-16
1139,Listing 139,$76.10,37.732918570175926,-122.41674176521326,Private room,Midtown,4,151,2023-12-29
1140,Listing 140,$46.86,37.76362195955124,-122.42402457496438,Entire home/apt,Old Town,39,95,2024-03-03
1141,Listing 141,$114.02,37.73151733726638,-122.46791434409752,Shared room,Uptown,31,81,2024-01-06
1142,Listing 142,$55.64,37.76356765269404,-122.42995501836839,Entire home/apt,Riverside,27,302,2023-08-15
1143,Listing 143,$137.97,37.79791178686033,-122.4623620622527,Entire home/apt,Midtown,0,187,2023-12-24
1144,Listing 144,$147.38,37.801503700575005,-122.44637311510533,Private room,Old Town,0,239,2023-03-19
1145,Listing 145,$87.84,37.81512921405796,-122.40720512278817,Hotel room,Midtown,26,101,2024-08-01
1146,Listing 146,$159.24,37.73509574013931,-122.46317137415042,Hotel room,Harbor,9,176,2023-02-27
1147,Listing 147,$157.58,37.77073368852898,-122.43895921493937,Hotel room,Downtown,51,259,2023-03-20
1148,Listing 148,$51.08,37.76627116589273,-122.41456836286618,Entire home/apt,Riverside,13,298,2023-07-12
1149,Listing 149,$142.96,37.78050058340701,-122.41986326981272,Entire home/apt,Riverside,50,316,2023-12-18
1150,Listing 150,$53.85,37.744774372359835,-122.42622417256908,Hotel room,Midtown,24,147,2024-01-17
1151,Listing 151,$119.16,37.75874165595231,-122.39255352114263,Entire home/apt,Harbor,21,173,2023-04-07
1152,Listing 152,$296.44,37.79237336550025,-122.40434359135895,Private room,Old Town,13,315,2023-12-25
1153,Listing 153,$127.23,37.81676965076928,-122.40015200371882,Hotel room,Uptown,0,80,2023-11-14
1154,Listing 154,$287.34,37.80131847838148,-122.40298836000053,Entire home/apt,Harbor,43,148,2023-01-19
1155,Listing 155,$139.54,37.75088660700639,-122.37488306864039,Shared room,Riverside,49,365,2023-06-08
1156,Listing 156,$55.00,37.77076897127247,-122.41602292415864,Entire home/apt,Harbor,50,120,2023-05-15
1157,Listing 157,$214.58,37.73542527613211,-122.45191540328314,Private room,Harbor,10,235,2023-09-01
1158,Listing 158,$237.17,37.79838003594349,-122.44659970556646,Private room,Old Town,8,353,2023-07-18
1159,Listing 159,$146.24,37.78783068250651,-122.41295806066361,Hotel room,Riverside,28,44,2024-05-29
1160,Listing 160,$294.81,37.73996977314447,-122.40953365524233,Shared room,Downtown,29,84,2024-07-21
1161,Listing 161,$44.22,37.7911400977119,-122.41840906124476,Entire home/apt,Old Town,32,226,2024-04-05
1162,Listing 162,$306.45,37.81464132630118,-122.44779619930931,Hotel room,Old Town,37,284,2024-02-10
1163,Listing 163,$295.62,37.7573961487679,-122.43138338819554,Entire home/apt,Old Town,27,277,2023-04-12
1164,Listing 164,$151.40,37.74868793973133,-122.38702384168472,Private room,Harbor,17,77,2023-03-23
1165,Listing 165,$47.67,37.745592392843704,-122.38650369007176,Hotel room,Downtown,26,134,2023-05-05
1166,Listing 166,$46.04,37.7822810568341,-122.4637192848989,Hotel room,Midtown,46,76,2024-08-11
1167,Listing 167,$86.82,37.79185443277924,-122.44087280122248,Entire home/apt,Midtown,13,293,2023-07-11
1168,Listing 168,$50.65,37.815340367798555,-122.41559180400719,Entire home/apt,Riverside,22,218,2024-02-01
1169,Listing 169,$147.87,37.745365026106924,-122.4683757768891,Entire home/apt,Old Town,26,331,2023-04-17
1170,Listing 170,$156.23,37.75385472581797,-122.40572043837973,Hotel room,Harbor,35,143,2023-05-19
1171,Listing 171,$60.85,37.79160450575962,-122.37563948492878,Entire home/apt,Old Town,32,351,2023-02-12
1172,Listing 172,$161.00,37.81891227022962,-122.41569693023459,Shared room,Downtown,17,201,2024-01-01
1173,Listing 173,$38.49,37.80657982770781,-122.43680753136186,Entire home/apt,Old Town,11,235,2024-03-26
1174,Listing 174,$196.59,37.78920684911127,-122.43326530730404,Shared room,Downtown,33,194,2023-07-04
1175,Listing 175,$295.99,37.749376641900255,-122.45974020922179,Shared room,Harbor,20,293,2024-03-12
1176,Listing 176,$71.56,37.72423551628501,-122.38299628249436,Shared room,Midtown,12,272,2023-02-28
1177,Listing 177,$59.91,37.78711838888937,-122.42937897684924,Private room,Downtown,37,296,2024-03-24
1178,Listing 178,$50.15,37.78451628756995,-122.43378494174566,Entire home/apt,Midtown,32,256,2024-01-15
1179,Listing 179,$158.98,37.76439392891756,-122.46231145711697,Private room,Midtown,16,258,2023-10-13
1180,Listing 180,$92.22,37.738604804947265,-122.41822547257917,Entire home/apt,Old Town,24,221,2023-08-08
1181,Listing 181,$104.59,37.789398064104084,-122.37013711564899,Private room,Downtown,28,226,2023-06-26
1182,Listing 182,$268.24,37.81675612363631,-122.37134253403575,Shared room,Harbor,24,303,2023-11-04
1183,Listing 183,$79.96,37.791180910400726,-122.37726755432769,Private room,Old Town,17,197,2023-07-25
1184,Listing 184,$75.97,37.756089652444444,-122.41277225928835,Hotel room,Midtown,42,328,2023-03-09
1185,Listing 185,$135.12,37.759815998077094,-122.398306640149,Hotel room,Midtown,11,249,2024-08-11
1186,Listing 186,$66.16,37.727416501976535,-122.4234166800379,Shared room,Uptown,34,312,2023-07-06
1187,Listing 187,$62.92,37.7632618286482,-122.37892877290531,Entire home/apt,Downtown,12,191,2023-06-15
1188,Listing 188,$156.56,37.814748313680965,-122.41811022065959,Shared room,Downtown,20,199,2024-07-18
1189,Listing 189,$134.20,37.73251702951269,-122.43971753938911,Entire home/apt,Midtown,12,106,2024-08-17
1190,Listing 190,$81.65,37.810200089369076,-122.43623804133942,Entire home/apt,Downtown,43,365,2024-08-13
1191,Listing 191,$131.90,37.78511299774856,-122.39330409990838,Hotel room,Midtown,13,119,2024-07-12
1192,Listing 192,$114.67,37.7444877910649,-122.38926506855712,Hotel room,Old Town,15,68,2023-06-11
1193,Listing 193,$254.40,37.76156217462142,-122.42355578422247,Shared room,Midtown,43,340,2023-11-23
1194,Listing 194,$155.23,37.75705401980503,-122.41383487842516,Shared room,Uptown,23,130,2023-09-11
1195,Listing 195,$76.65,37.72968116525606,-122.44097879950301,Hotel room,Midtown,0,313,2023-06-13
1196,Listing 196,$164.62,37.73898341012234,-122.45406575881074,Hotel room,Riverside,15,276,2023-04-03
1197,Listing 197,$191.92,37.77054444630238,-122.37333133694476,Private room,Midtown,22,223,2024-05-21
1198,Listing 198,$249.71,37.73074970843712,-122.45660650560077,Shared room,Harbor,26,139,2023-02-16
1199,Listing 199,$207.59,37.725115768738306,-122.4138183134834,Shared room,Midtown,21,286,2024-04-06
1200,Listing 200,$294.42,37.78803986401189,-122.45811889802765,Entire home/apt,Riverside,69,14,2024-07-25
1201,Listing 201,$171.03,37.79549651722928,-122.45009421184476,Hotel room,Midtown,29,206,2023-12-08
1202,Listing 202,$244.36,37.809313169207805,-122.45602190142277,Shared room,Uptown,23,102,2023-11-03
1203,Listing 203,$158.63,37.77073149862013,-122.41902858992492,Hotel room,Harbor,9,160,2023-01-18
1204,Listing 204,$147.65,37.761654026943226,-122.43923221662882,Entire home/apt,Midtown,31,0,2024-08-15
1205,Listing 205,$94.15,37.792140011229634,-122.41164767229523,Private room,Midtown,10,109,2024-01-25
1206,Listing 206,$78.24,37.777257027140415,-122.39994790888586,Private room,Downtown,14,112,2024-02-27
1207,Listing 207,$93.77,37.761037740932274,-122.39250276981929,Hotel room,Harbor,21,60,2024-06-15
1208,Listing 208,$57.13,37.76783709833434,-122.43231752238144,Private room,Riverside,5,270,2023-12-29
1209,Listing 209,$115.20,37.78100765800788,-122.45077358308633,Private room,Old Town,14,177,2023-11-01
1210,Listing 210,$115.72,37.76890030795116,-122.4220196576798,Shared room,Old Town,2,297,2024-01-24
1211,Listing 211,$210.41,37.80183774601306,-122.37453911366086,Private room,Old Town,61,258,2023-03-22
1212,Listing 212,$162.97,37.794733849971806,-122.4486013191923,Shared room,Midtown,14,183,2024-08-23
1213,Listing 213,$84.87,37.74424580384103,-122.4030166035107,Private room,Harbor,25,241,2023-12-05
1214,Listing 214,$263.85,37.720518144640714,-122.41496474342205,Private room,Riverside,40,93,2024-05-02
1215,Listing 215,$233.10,37.78505386918743,-122.39440889405913,Shared room,Old Town,23,230,2023-04-02
1216,Listing 216,$74.36,37.813666937975064,-122.37867702743301,Private room,Riverside,19,241,2023-02-07
1217,Listing 217,$195.81,37.798796062987584,-122.45136883680776,Shared room,Downtown,44,206,2023-04-20
1218,Listing 218,$143.52,37.7743300483557,-122.42060875796582,Private room,Midtown,69,142,2023-04-26
1219,Listing 219,$151.31,37.73624942625398,-122.42410855289677,Shared room,Harbor,34,335,2023-10-30
1220,Listing 220,$98.89,37.8097042761784,-122.38730101747237,Shared room,Downtown,51,167,2023-05-24
1221,Listing 221,$252.61,37.75236016700851,-122.44519529163328,Shared room,Riverside,27,350,2023-12-04
1222,Listing 222,$108.67,37.746155315081545,-122.43404479094389,Private room,Downtown,15,150,2023-06-13
1223,Listing 223,$190.27,37.788607361989115,-122.37768939860528,Shared room,Harbor,49,334,2023-10-30
1224,Listing 224,$144.71,37.73335687821968,-122.45468144353109,Shared room,Riverside,18,140,2024-07-04
1225,Listing 225,$68.91,37.79618596199711,-122.40196580800806,Entire home/apt,Midtown,2,246,2023-03-21
1226,Listing 226,$71.66,37.770548705609265,-122.41272983257721,Private room,Uptown,32,148,2023-04-30
1227,Listing 227,$100.69,37.79169179661807,-122.42111720331688,Hotel room,Downtown,7,231,2024-04-12
1228,Listing 228,$31.06,37.75081695640332,-122.46782295421067,Shared room,Downtown,16,196,2023-02-16
1229,Listing 229,$186.86,37.75445288665622,-122.4636240087888,Entire home/apt,Downtown,41,191,2023-10-21
1230,Listing 230,$202.30,37.784152500017235,-122.3970710500733,Hotel room,Old Town,32,288,2024-01-22
1231,Listing 231,$199.56,37.72802499926294,-122.37358556236194,Private room,Harbor,29,165,2024-07-04
1232,Listing 232,$184.13,37.74226902159663,-122.46965267050551,Entire home/apt,Old Town,20,60,2024-03-10
1233,Listing 233,$303.67,37.75792764680338,-122.44703359332121,Hotel room,Old Town,30,248,2023-04-26
1234,Listing 234,$48.81,37.79660534675139,-122.38162433781547,Entire home/apt,Uptown,10,211,2023-02-04
1235,Listing 235,$254.44,37.779778489673156,-122.39967137331351,Entire home/apt,Uptown,24,108,2023-08-28
1236,Listing 236,$304.08,37.72564440350245,-122.41961041510591,Shared room,Uptown,54,258,2023-11-23
1237,Listing 237,$135.15,37.74369040347767,-122.38237416778261,Private room,Riverside,23,230,2023-06-29
1238,Listing 238,$197.09,37.75444148297726,-122.40566839346936,Hotel room,Midtown,23,160,2023-06-02
1239,Listing 239,$129.42,37.757646018850714,-122.39455839027619,Hotel room,Uptown,32,138,2023-05-28
1240,Listing 240,$261.06,37.81677861885466,-122.41427132418008,Private room,Riverside,15,202,2023-03-22
1241,Listing 241,$256.74,37.80471333859197,-122.46075360034732,Private room,Downtown,22,333,2023-02-10
1242,Listing 242,$66.42,37.79243052398522,-122.41411495237274,Hotel room,Uptown,48,255,2023-01-16
1243,Listing 243,$83.42,37.813715976320225,-122.37379224438855,Entire home/apt,Harbor,42,199,2023-09-06
1244,Listing 244,$84.11,37.75216150088274,-122.44169408024798,Hotel room,Midtown,31,154,2024-01-04
1245,Listing 245,$293.09,37.808281195236205,-122.42339959330961,Hotel room,Old Town,37,155,2024-02-28
1246,Listing 246,$38.47,37.734592271310255,-122.44392258900902,Hotel room,Old Town,20,246,2024-01-24
1247,Listing 247,$97.32,37.76993014823694,-122.4045392033879,Shared room,Old Town,26,96,2024-05-17
1248,Listing 248,$258.75,37.73692657108602,-122.39796864692379,Hotel room,Uptown,48,297,2023-03-02
1249,Listing 249,$293.77,37.723382375716476,-122.38533026168173,Entire home/apt,Downtown,0,290,2023-08-25
1250,Listing 250,$59.64,37.770573291969306,-122.43267993073133,Hotel room,Harbor,23,189,2024-07-18
1251,Listing 251,$200.09,37.72118509681279,-122.41705823531584,Shared room,Midtown,27,197,2024-03-16
1252,Listing 252,$78.52,37.73488974857403,-122.45080679430085,Shared room,Old Town,29,190,2024-01-18
1253,Listing 253,$210.00,37.76589977455512,-122.4456792105807,Private room,Old Town,13,40,2023-02-02
1254,Listing 254,$51.94,37.76760051001319,-122.40632519244444,Private room,Downtown,33,103,2023-12-06
1255,Listing 255,$60.01,37.809479121214274,-122.37808477845599,Private room,Uptown,43,119,2024-08-03
1256,Listing 256,$247.00,37.788442874346366,-122.44196269862405,Entire home/apt,Uptown,58,270,2023-08-01
1257,Listing 257,$71.24,37.79522544698469,-122.39872886000506,Hotel room,Downtown,19,310,2024-08-03
1258,Listing 258,$194.48,37.7583846214083,-122.39602548290793,Entire home/apt,Midtown,8,197,2023-04-11
1259,Listing 259,$190.79,37.74321440043947,-122.46239817534344,Hotel room,Old Town,36,213,2024-04-06
1260,Listing 260,$251.74,37.757542699599156,-122.45142621541046,Hotel room,Downtown,43,210,2023-09-10
1261,Listing 261,$51.71,37.72820380096732,-122.45457790361345,Private room,Harbor,14,254,2023-04-04
1262,Listing 262,$55.16,37.7961346491201,-122.45977685858868,Entire home/apt,Uptown,19,95,2024-06-08
1263,Listing 263,$205.36,37.73032929273417,-122.46103811580396,Entire home/apt,Midtown,14,153,2024-01-30
1264,Listing 264,$42.43,37.72846995169286,-122.37988639551436,Private room,Midtown,39,64,2023-06-23
1265,Listing 265,$72.99,37.74689189635302,-122.44315932028508,Private room,Downtown,30,262,2023-11-03
1266,Listing 266,$251.93,37.81442222956314,-122.39791005475445,Hotel room,Midtown,11,125,2023-05-19
1267,Listing 267,$112.60,37.72067673694255,-122.43043080215736,Hotel room,Old Town,10,235,2023-05-20
1268,Listing 268,$109.58,37.74008514887021,-122.43858167188046,Hotel room,Old Town,57,164,2024-05-17
1269,Listing 269,$104.89,37.752588623744295,-122.44196998535358,Hotel room,Old Town,39,276,2024-07-12
1270,Listing 270,$69.74,37.81530046114863,-122.42383777771668,Private room,Riverside,7,250,2023-03-12
1271,Listing 271,$181.98,37.78729776523956,-122.45608208773037,Shared room,Uptown,24,252,2024-03-09
1272,Listing 272,$227.34,37.76792346997727,-122.42991949026707,Hotel room,Midtown,45,365,2024-07-03
1273,Listing 273,$66.02,37.73093694252443,-122.44517690311551,Shared room,Uptown,22,178,2024-02-14
1274,Listing 274,$160.37,37.72105477727846,-122.44412616295963,Private room,Riverside,21,129,2024-05-27
1275,Listing 275,$82.93,37.754496738759954,-122.46754373469743,Entire home/apt,Old Town,0,315,2023-04-29
1276,Listing 276,$69.69,37.79842699975287,-122.41788851701996,Shared room,Riverside,36,317,2024-04-08
1277,Listing 277,$159.21,37.72671743400415,-122.46553169473248,Entire home/apt,Downtown,37,94,2023-06-18
1278,Listing 278,$77.39,37.75309896555532,-122.42736306163783,Hotel room,Uptown,23,237,2023-07-10
1279,Listing 279,$186.53,37.75955823781281,-122.3962611630454,Private room,Riverside,12,151,2023-08-08
1280,Listing 280,$87.24,37.79960080509079,-122.41226520947981,Private room,Old Town,48,154,2023-09-26
1281,Listing 281,$259.82,37.77277150196278,-122.40608914143338,Hotel room,Midtown,19,227,2023-12-27
1282,Listing 282,$236.43,37.7905988360946,-122.44025551653007,Entire home/apt,Harbor,6,230,2023-11-09
1283,Listing 283,$63.73,37.73830445183315,-122.40065634582835,Hotel room,Riverside,8,132,2024-03-09
1284,Listing 284,$62.63,37.81191609967147,-122.37693050622947,Private room,Midtown,26,237,2023-07-11
1285,Listing 285,$157.16,37.80419852141366,-122.40805900212108,Shared room,Downtown,15,205,2024-01-29
1286,Listing 286,$288.32,37.788469667056,-122.4284369564726,Hotel room,Riverside,24,257,2023-08-14
1287,Listing 287,$131.20,37.72326950868581,-122.44751565833567,Shared room,Uptown,28,85,2024-05-22
1288,Listing 288,$286.99,37.74678889093929,-122.4156893817907,Shared room,Midtown,23,211,2024-03-27
1289,Listing 289,$297.38,37.74185419350101,-122.42748453132629,Private room,Old Town,27,183,2023-09-27
1290,Listing 290,$152.76,37.806529047037635,-122.45826139735011,Private room,Uptown,20,244,2023-12-26
1291,Listing 291,$187.64,37.73659816176903,-122.45607650340732,Private room,Uptown,31,90,2024-06-29
1292,Listing 292,$115.02,37.817900015640305,-122.4407365302076,Shared room,Midtown,19,335,2023-04-08
1293,Listing 293,$73.63,37.81627719949938,-122.39143089517087,Entire home/apt,Old Town,30,165,2023-05-16
1294,Listing 294,$95.35,37.74475547400227,-122.38564443433566,Hotel room,Riverside,35,279,2024-02-29
1295,Listing 295,$211.02,37.76519917225504,-122.40663722366497,Entire home/apt,Riverside,12,192,2024-01-13
1296,Listing 296,$258.47,37.7202473085142,-122.39258647095623,Entire home/apt,Harbor,20,325,2024-01-02
1297,Listing 297,$57.53,37.79956779266479,-122.43022841318114,Hotel room,Uptown,11,202,2023-10-18
1298,Listing 298,$144.94,37.80524225762885,-122.39116963465233,Entire home/apt,Downtown,22,327,2024-04-15
1299,Listing 299,$55.25,37.73242371792304,-122.38423484000714,Hotel room,Riverside,62,200,2023-07-27
